"category","rule","airbnb-value","airbnb-level"
"Best Practices","=HYPERLINK(""https://www.google.com/search?q=eslint+rule+accessor-pairs&btnI"", ""accessor-pairs"")","off","off"
"Best Practices","=HYPERLINK(""https://www.google.com/search?q=eslint+rule+array-callback-return&btnI"", ""array-callback-return"")","[""error"",{""allowImplicit"":true}]","error"
"Best Practices","=HYPERLINK(""https://www.google.com/search?q=eslint+rule+block-scoped-var&btnI"", ""block-scoped-var"")","error","error"
"Best Practices","=HYPERLINK(""https://www.google.com/search?q=eslint+rule+complexity&btnI"", ""complexity"")","[""off"",11]","off"
"Best Practices","=HYPERLINK(""https://www.google.com/search?q=eslint+rule+class-methods-use-this&btnI"", ""class-methods-use-this"")","[""error"",{""exceptMethods"":[]}]","error"
"Best Practices","=HYPERLINK(""https://www.google.com/search?q=eslint+rule+consistent-return&btnI"", ""consistent-return"")","error","error"
"Best Practices","=HYPERLINK(""https://www.google.com/search?q=eslint+rule+curly&btnI"", ""curly"")","[""error"",""multi-line""]","error"
"Best Practices","=HYPERLINK(""https://www.google.com/search?q=eslint+rule+default-case&btnI"", ""default-case"")","[""error"",{""commentPattern"":""^no default$""}]","error"
"Best Practices","=HYPERLINK(""https://www.google.com/search?q=eslint+rule+dot-notation&btnI"", ""dot-notation"")","[""error"",{""allowKeywords"":true}]","error"
"Best Practices","=HYPERLINK(""https://www.google.com/search?q=eslint+rule+dot-location&btnI"", ""dot-location"")","[""error"",""property""]","error"
"Best Practices","=HYPERLINK(""https://www.google.com/search?q=eslint+rule+eqeqeq&btnI"", ""eqeqeq"")","[""error"",""always"",{""null"":""ignore""}]","error"
"Best Practices","=HYPERLINK(""https://www.google.com/search?q=eslint+rule+guard-for-in&btnI"", ""guard-for-in"")","error","error"
"Best Practices","=HYPERLINK(""https://www.google.com/search?q=eslint+rule+no-alert&btnI"", ""no-alert"")","warn","warn"
"Best Practices","=HYPERLINK(""https://www.google.com/search?q=eslint+rule+no-caller&btnI"", ""no-caller"")","error","error"
"Best Practices","=HYPERLINK(""https://www.google.com/search?q=eslint+rule+no-case-declarations&btnI"", ""no-case-declarations"")","error","error"
"Best Practices","=HYPERLINK(""https://www.google.com/search?q=eslint+rule+no-div-regex&btnI"", ""no-div-regex"")","off","off"
"Best Practices","=HYPERLINK(""https://www.google.com/search?q=eslint+rule+no-else-return&btnI"", ""no-else-return"")","[""error"",{""allowElseIf"":false}]","error"
"Best Practices","=HYPERLINK(""https://www.google.com/search?q=eslint+rule+no-empty-function&btnI"", ""no-empty-function"")","[""error"",{""allow"":[""arrowFunctions"",""functions"",""methods""]}]","error"
"Best Practices","=HYPERLINK(""https://www.google.com/search?q=eslint+rule+no-empty-pattern&btnI"", ""no-empty-pattern"")","error","error"
"Best Practices","=HYPERLINK(""https://www.google.com/search?q=eslint+rule+no-eq-null&btnI"", ""no-eq-null"")","off","off"
"Best Practices","=HYPERLINK(""https://www.google.com/search?q=eslint+rule+no-eval&btnI"", ""no-eval"")","error","error"
"Best Practices","=HYPERLINK(""https://www.google.com/search?q=eslint+rule+no-extend-native&btnI"", ""no-extend-native"")","error","error"
"Best Practices","=HYPERLINK(""https://www.google.com/search?q=eslint+rule+no-extra-bind&btnI"", ""no-extra-bind"")","error","error"
"Best Practices","=HYPERLINK(""https://www.google.com/search?q=eslint+rule+no-extra-label&btnI"", ""no-extra-label"")","error","error"
"Best Practices","=HYPERLINK(""https://www.google.com/search?q=eslint+rule+no-fallthrough&btnI"", ""no-fallthrough"")","error","error"
"Best Practices","=HYPERLINK(""https://www.google.com/search?q=eslint+rule+no-floating-decimal&btnI"", ""no-floating-decimal"")","error","error"
"Best Practices","=HYPERLINK(""https://www.google.com/search?q=eslint+rule+no-global-assign&btnI"", ""no-global-assign"")","[""error"",{""exceptions"":[]}]","error"
"Best Practices","=HYPERLINK(""https://www.google.com/search?q=eslint+rule+no-native-reassign&btnI"", ""no-native-reassign"")","off","off"
"Best Practices","=HYPERLINK(""https://www.google.com/search?q=eslint+rule+no-implicit-coercion&btnI"", ""no-implicit-coercion"")","[""off"",{""boolean"":false,""number"":true,""string"":true,""allow"":[]}]","off"
"Best Practices","=HYPERLINK(""https://www.google.com/search?q=eslint+rule+no-implicit-globals&btnI"", ""no-implicit-globals"")","off","off"
"Best Practices","=HYPERLINK(""https://www.google.com/search?q=eslint+rule+no-implied-eval&btnI"", ""no-implied-eval"")","error","error"
"Best Practices","=HYPERLINK(""https://www.google.com/search?q=eslint+rule+no-invalid-this&btnI"", ""no-invalid-this"")","off","off"
"Best Practices","=HYPERLINK(""https://www.google.com/search?q=eslint+rule+no-iterator&btnI"", ""no-iterator"")","error","error"
"Best Practices","=HYPERLINK(""https://www.google.com/search?q=eslint+rule+no-labels&btnI"", ""no-labels"")","[""error"",{""allowLoop"":false,""allowSwitch"":false}]","error"
"Best Practices","=HYPERLINK(""https://www.google.com/search?q=eslint+rule+no-lone-blocks&btnI"", ""no-lone-blocks"")","error","error"
"Best Practices","=HYPERLINK(""https://www.google.com/search?q=eslint+rule+no-loop-func&btnI"", ""no-loop-func"")","error","error"
"Best Practices","=HYPERLINK(""https://www.google.com/search?q=eslint+rule+no-magic-numbers&btnI"", ""no-magic-numbers"")","[""off"",{""ignore"":[],""ignoreArrayIndexes"":true,""enforceConst"":true,""detectObjects"":false}]","off"
"Best Practices","=HYPERLINK(""https://www.google.com/search?q=eslint+rule+no-multi-spaces&btnI"", ""no-multi-spaces"")","[""error"",{""ignoreEOLComments"":false}]","error"
"Best Practices","=HYPERLINK(""https://www.google.com/search?q=eslint+rule+no-multi-str&btnI"", ""no-multi-str"")","error","error"
"Best Practices","=HYPERLINK(""https://www.google.com/search?q=eslint+rule+no-new&btnI"", ""no-new"")","error","error"
"Best Practices","=HYPERLINK(""https://www.google.com/search?q=eslint+rule+no-new-func&btnI"", ""no-new-func"")","error","error"
"Best Practices","=HYPERLINK(""https://www.google.com/search?q=eslint+rule+no-new-wrappers&btnI"", ""no-new-wrappers"")","error","error"
"Best Practices","=HYPERLINK(""https://www.google.com/search?q=eslint+rule+no-octal&btnI"", ""no-octal"")","error","error"
"Best Practices","=HYPERLINK(""https://www.google.com/search?q=eslint+rule+no-octal-escape&btnI"", ""no-octal-escape"")","error","error"
"Best Practices","=HYPERLINK(""https://www.google.com/search?q=eslint+rule+no-param-reassign&btnI"", ""no-param-reassign"")","[""error"",{""props"":true,""ignorePropertyModificationsFor"":[""acc"",""accumulator"",""e"",""ctx"",""req"",""request"",""res"",""response"",""$scope""]}]","error"
"Best Practices","=HYPERLINK(""https://www.google.com/search?q=eslint+rule+no-proto&btnI"", ""no-proto"")","error","error"
"Best Practices","=HYPERLINK(""https://www.google.com/search?q=eslint+rule+no-redeclare&btnI"", ""no-redeclare"")","error","error"
"Best Practices","=HYPERLINK(""https://www.google.com/search?q=eslint+rule+no-restricted-properties&btnI"", ""no-restricted-properties"")","[""error"",{""object"":""arguments"",""property"":""callee"",""message"":""arguments.callee is deprecated""},{""object"":""global"",""property"":""isFinite"",""message"":""Please use Number.isFinite instead""},{""object"":""self"",""property"":""isFinite"",""message"":""Please use Number.isFinite instead""},{""object"":""window"",""property"":""isFinite"",""message"":""Please use Number.isFinite instead""},{""object"":""global"",""property"":""isNaN"",""message"":""Please use Number.isNaN instead""},{""object"":""self"",""property"":""isNaN"",""message"":""Please use Number.isNaN instead""},{""object"":""window"",""property"":""isNaN"",""message"":""Please use Number.isNaN instead""},{""property"":""__defineGetter__"",""message"":""Please use Object.defineProperty instead.""},{""property"":""__defineSetter__"",""message"":""Please use Object.defineProperty instead.""},{""object"":""Math"",""property"":""pow"",""message"":""Use the exponentiation operator (**) instead.""}]","error"
"Best Practices","=HYPERLINK(""https://www.google.com/search?q=eslint+rule+no-return-assign&btnI"", ""no-return-assign"")","[""error"",""always""]","error"
"Best Practices","=HYPERLINK(""https://www.google.com/search?q=eslint+rule+no-return-await&btnI"", ""no-return-await"")","error","error"
"Best Practices","=HYPERLINK(""https://www.google.com/search?q=eslint+rule+no-script-url&btnI"", ""no-script-url"")","error","error"
"Best Practices","=HYPERLINK(""https://www.google.com/search?q=eslint+rule+no-self-assign&btnI"", ""no-self-assign"")","error","error"
"Best Practices","=HYPERLINK(""https://www.google.com/search?q=eslint+rule+no-self-compare&btnI"", ""no-self-compare"")","error","error"
"Best Practices","=HYPERLINK(""https://www.google.com/search?q=eslint+rule+no-sequences&btnI"", ""no-sequences"")","error","error"
"Best Practices","=HYPERLINK(""https://www.google.com/search?q=eslint+rule+no-throw-literal&btnI"", ""no-throw-literal"")","error","error"
"Best Practices","=HYPERLINK(""https://www.google.com/search?q=eslint+rule+no-unmodified-loop-condition&btnI"", ""no-unmodified-loop-condition"")","off","off"
"Best Practices","=HYPERLINK(""https://www.google.com/search?q=eslint+rule+no-unused-expressions&btnI"", ""no-unused-expressions"")","[""error"",{""allowShortCircuit"":false,""allowTernary"":false,""allowTaggedTemplates"":false}]","error"
"Best Practices","=HYPERLINK(""https://www.google.com/search?q=eslint+rule+no-unused-labels&btnI"", ""no-unused-labels"")","error","error"
"Best Practices","=HYPERLINK(""https://www.google.com/search?q=eslint+rule+no-useless-call&btnI"", ""no-useless-call"")","off","off"
"Best Practices","=HYPERLINK(""https://www.google.com/search?q=eslint+rule+no-useless-concat&btnI"", ""no-useless-concat"")","error","error"
"Best Practices","=HYPERLINK(""https://www.google.com/search?q=eslint+rule+no-useless-escape&btnI"", ""no-useless-escape"")","error","error"
"Best Practices","=HYPERLINK(""https://www.google.com/search?q=eslint+rule+no-useless-return&btnI"", ""no-useless-return"")","error","error"
"Best Practices","=HYPERLINK(""https://www.google.com/search?q=eslint+rule+no-void&btnI"", ""no-void"")","error","error"
"Best Practices","=HYPERLINK(""https://www.google.com/search?q=eslint+rule+no-warning-comments&btnI"", ""no-warning-comments"")","[""off"",{""terms"":[""todo"",""fixme"",""xxx""],""location"":""start""}]","off"
"Best Practices","=HYPERLINK(""https://www.google.com/search?q=eslint+rule+no-with&btnI"", ""no-with"")","error","error"
"Best Practices","=HYPERLINK(""https://www.google.com/search?q=eslint+rule+prefer-promise-reject-errors&btnI"", ""prefer-promise-reject-errors"")","[""error"",{""allowEmptyReject"":true}]","error"
"Best Practices","=HYPERLINK(""https://www.google.com/search?q=eslint+rule+radix&btnI"", ""radix"")","error","error"
"Best Practices","=HYPERLINK(""https://www.google.com/search?q=eslint+rule+require-await&btnI"", ""require-await"")","off","off"
"Best Practices","=HYPERLINK(""https://www.google.com/search?q=eslint+rule+vars-on-top&btnI"", ""vars-on-top"")","error","error"
"Best Practices","=HYPERLINK(""https://www.google.com/search?q=eslint+rule+wrap-iife&btnI"", ""wrap-iife"")","[""error"",""outside"",{""functionPrototypeMethods"":false}]","error"
"Best Practices","=HYPERLINK(""https://www.google.com/search?q=eslint+rule+yoda&btnI"", ""yoda"")","error","error"
"Errors","=HYPERLINK(""https://www.google.com/search?q=eslint+rule+for-direction&btnI"", ""for-direction"")","error","error"
"Errors","=HYPERLINK(""https://www.google.com/search?q=eslint+rule+getter-return&btnI"", ""getter-return"")","[""error"",{""allowImplicit"":true}]","error"
"Errors","=HYPERLINK(""https://www.google.com/search?q=eslint+rule+no-await-in-loop&btnI"", ""no-await-in-loop"")","error","error"
"Errors","=HYPERLINK(""https://www.google.com/search?q=eslint+rule+no-compare-neg-zero&btnI"", ""no-compare-neg-zero"")","error","error"
"Errors","=HYPERLINK(""https://www.google.com/search?q=eslint+rule+no-cond-assign&btnI"", ""no-cond-assign"")","[""error"",""always""]","error"
"Errors","=HYPERLINK(""https://www.google.com/search?q=eslint+rule+no-console&btnI"", ""no-console"")","warn","warn"
"Errors","=HYPERLINK(""https://www.google.com/search?q=eslint+rule+no-constant-condition&btnI"", ""no-constant-condition"")","warn","warn"
"Errors","=HYPERLINK(""https://www.google.com/search?q=eslint+rule+no-control-regex&btnI"", ""no-control-regex"")","error","error"
"Errors","=HYPERLINK(""https://www.google.com/search?q=eslint+rule+no-debugger&btnI"", ""no-debugger"")","error","error"
"Errors","=HYPERLINK(""https://www.google.com/search?q=eslint+rule+no-dupe-args&btnI"", ""no-dupe-args"")","error","error"
"Errors","=HYPERLINK(""https://www.google.com/search?q=eslint+rule+no-dupe-keys&btnI"", ""no-dupe-keys"")","error","error"
"Errors","=HYPERLINK(""https://www.google.com/search?q=eslint+rule+no-duplicate-case&btnI"", ""no-duplicate-case"")","error","error"
"Errors","=HYPERLINK(""https://www.google.com/search?q=eslint+rule+no-empty&btnI"", ""no-empty"")","error","error"
"Errors","=HYPERLINK(""https://www.google.com/search?q=eslint+rule+no-empty-character-class&btnI"", ""no-empty-character-class"")","error","error"
"Errors","=HYPERLINK(""https://www.google.com/search?q=eslint+rule+no-ex-assign&btnI"", ""no-ex-assign"")","error","error"
"Errors","=HYPERLINK(""https://www.google.com/search?q=eslint+rule+no-extra-boolean-cast&btnI"", ""no-extra-boolean-cast"")","error","error"
"Errors","=HYPERLINK(""https://www.google.com/search?q=eslint+rule+no-extra-parens&btnI"", ""no-extra-parens"")","[""off"",""all"",{""conditionalAssign"":true,""nestedBinaryExpressions"":false,""returnAssign"":false,""ignoreJSX"":""all"",""enforceForArrowConditionals"":false}]","off"
"Errors","=HYPERLINK(""https://www.google.com/search?q=eslint+rule+no-extra-semi&btnI"", ""no-extra-semi"")","error","error"
"Errors","=HYPERLINK(""https://www.google.com/search?q=eslint+rule+no-func-assign&btnI"", ""no-func-assign"")","error","error"
"Errors","=HYPERLINK(""https://www.google.com/search?q=eslint+rule+no-inner-declarations&btnI"", ""no-inner-declarations"")","error","error"
"Errors","=HYPERLINK(""https://www.google.com/search?q=eslint+rule+no-invalid-regexp&btnI"", ""no-invalid-regexp"")","error","error"
"Errors","=HYPERLINK(""https://www.google.com/search?q=eslint+rule+no-irregular-whitespace&btnI"", ""no-irregular-whitespace"")","error","error"
"Errors","=HYPERLINK(""https://www.google.com/search?q=eslint+rule+no-obj-calls&btnI"", ""no-obj-calls"")","error","error"
"Errors","=HYPERLINK(""https://www.google.com/search?q=eslint+rule+no-prototype-builtins&btnI"", ""no-prototype-builtins"")","error","error"
"Errors","=HYPERLINK(""https://www.google.com/search?q=eslint+rule+no-regex-spaces&btnI"", ""no-regex-spaces"")","error","error"
"Errors","=HYPERLINK(""https://www.google.com/search?q=eslint+rule+no-sparse-arrays&btnI"", ""no-sparse-arrays"")","error","error"
"Errors","=HYPERLINK(""https://www.google.com/search?q=eslint+rule+no-template-curly-in-string&btnI"", ""no-template-curly-in-string"")","error","error"
"Errors","=HYPERLINK(""https://www.google.com/search?q=eslint+rule+no-unexpected-multiline&btnI"", ""no-unexpected-multiline"")","error","error"
"Errors","=HYPERLINK(""https://www.google.com/search?q=eslint+rule+no-unreachable&btnI"", ""no-unreachable"")","error","error"
"Errors","=HYPERLINK(""https://www.google.com/search?q=eslint+rule+no-unsafe-finally&btnI"", ""no-unsafe-finally"")","error","error"
"Errors","=HYPERLINK(""https://www.google.com/search?q=eslint+rule+no-unsafe-negation&btnI"", ""no-unsafe-negation"")","error","error"
"Errors","=HYPERLINK(""https://www.google.com/search?q=eslint+rule+no-negated-in-lhs&btnI"", ""no-negated-in-lhs"")","off","off"
"Errors","=HYPERLINK(""https://www.google.com/search?q=eslint+rule+use-isnan&btnI"", ""use-isnan"")","error","error"
"Errors","=HYPERLINK(""https://www.google.com/search?q=eslint+rule+valid-jsdoc&btnI"", ""valid-jsdoc"")","off","off"
"Errors","=HYPERLINK(""https://www.google.com/search?q=eslint+rule+valid-typeof&btnI"", ""valid-typeof"")","[""error"",{""requireStringLiterals"":true}]","error"
"Node","=HYPERLINK(""https://www.google.com/search?q=eslint+rule+callback-return&btnI"", ""callback-return"")","off","off"
"Node","=HYPERLINK(""https://www.google.com/search?q=eslint+rule+global-require&btnI"", ""global-require"")","error","error"
"Node","=HYPERLINK(""https://www.google.com/search?q=eslint+rule+handle-callback-err&btnI"", ""handle-callback-err"")","off","off"
"Node","=HYPERLINK(""https://www.google.com/search?q=eslint+rule+no-buffer-constructor&btnI"", ""no-buffer-constructor"")","error","error"
"Node","=HYPERLINK(""https://www.google.com/search?q=eslint+rule+no-mixed-requires&btnI"", ""no-mixed-requires"")","[""off"",false]","off"
"Node","=HYPERLINK(""https://www.google.com/search?q=eslint+rule+no-new-require&btnI"", ""no-new-require"")","error","error"
"Node","=HYPERLINK(""https://www.google.com/search?q=eslint+rule+no-path-concat&btnI"", ""no-path-concat"")","error","error"
"Node","=HYPERLINK(""https://www.google.com/search?q=eslint+rule+no-process-env&btnI"", ""no-process-env"")","off","off"
"Node","=HYPERLINK(""https://www.google.com/search?q=eslint+rule+no-process-exit&btnI"", ""no-process-exit"")","off","off"
"Node","=HYPERLINK(""https://www.google.com/search?q=eslint+rule+no-restricted-modules&btnI"", ""no-restricted-modules"")","off","off"
"Node","=HYPERLINK(""https://www.google.com/search?q=eslint+rule+no-sync&btnI"", ""no-sync"")","off","off"
"Style","=HYPERLINK(""https://www.google.com/search?q=eslint+rule+array-bracket-newline&btnI"", ""array-bracket-newline"")","[""off"",""consistent""]","off"
"Style","=HYPERLINK(""https://www.google.com/search?q=eslint+rule+array-element-newline&btnI"", ""array-element-newline"")","[""off"",{""multiline"":true,""minItems"":3}]","off"
"Style","=HYPERLINK(""https://www.google.com/search?q=eslint+rule+array-bracket-spacing&btnI"", ""array-bracket-spacing"")","[""error"",""never""]","error"
"Style","=HYPERLINK(""https://www.google.com/search?q=eslint+rule+block-spacing&btnI"", ""block-spacing"")","[""error"",""always""]","error"
"Style","=HYPERLINK(""https://www.google.com/search?q=eslint+rule+brace-style&btnI"", ""brace-style"")","[""error"",""1tbs"",{""allowSingleLine"":true}]","error"
"Style","=HYPERLINK(""https://www.google.com/search?q=eslint+rule+camelcase&btnI"", ""camelcase"")","[""error"",{""properties"":""never""}]","error"
"Style","=HYPERLINK(""https://www.google.com/search?q=eslint+rule+capitalized-comments&btnI"", ""capitalized-comments"")","[""off"",""never"",{""line"":{""ignorePattern"":"".*"",""ignoreInlineComments"":true,""ignoreConsecutiveComments"":true},""block"":{""ignorePattern"":"".*"",""ignoreInlineComments"":true,""ignoreConsecutiveComments"":true}}]","off"
"Style","=HYPERLINK(""https://www.google.com/search?q=eslint+rule+comma-dangle&btnI"", ""comma-dangle"")","[""error"",{""arrays"":""always-multiline"",""objects"":""always-multiline"",""imports"":""always-multiline"",""exports"":""always-multiline"",""functions"":""always-multiline""}]","error"
"Style","=HYPERLINK(""https://www.google.com/search?q=eslint+rule+comma-spacing&btnI"", ""comma-spacing"")","[""error"",{""before"":false,""after"":true}]","error"
"Style","=HYPERLINK(""https://www.google.com/search?q=eslint+rule+comma-style&btnI"", ""comma-style"")","[""error"",""last"",{""exceptions"":{""ArrayExpression"":false,""ArrayPattern"":false,""ArrowFunctionExpression"":false,""CallExpression"":false,""FunctionDeclaration"":false,""FunctionExpression"":false,""ImportDeclaration"":false,""ObjectExpression"":false,""ObjectPattern"":false,""VariableDeclaration"":false,""NewExpression"":false}}]","error"
"Style","=HYPERLINK(""https://www.google.com/search?q=eslint+rule+computed-property-spacing&btnI"", ""computed-property-spacing"")","[""error"",""never""]","error"
"Style","=HYPERLINK(""https://www.google.com/search?q=eslint+rule+consistent-this&btnI"", ""consistent-this"")","off","off"
"Style","=HYPERLINK(""https://www.google.com/search?q=eslint+rule+eol-last&btnI"", ""eol-last"")","[""error"",""always""]","error"
"Style","=HYPERLINK(""https://www.google.com/search?q=eslint+rule+func-call-spacing&btnI"", ""func-call-spacing"")","[""error"",""never""]","error"
"Style","=HYPERLINK(""https://www.google.com/search?q=eslint+rule+func-name-matching&btnI"", ""func-name-matching"")","[""off"",""always"",{""includeCommonJSModuleExports"":false}]","off"
"Style","=HYPERLINK(""https://www.google.com/search?q=eslint+rule+func-names&btnI"", ""func-names"")","warn","warn"
"Style","=HYPERLINK(""https://www.google.com/search?q=eslint+rule+func-style&btnI"", ""func-style"")","[""off"",""expression""]","off"
"Style","=HYPERLINK(""https://www.google.com/search?q=eslint+rule+function-paren-newline&btnI"", ""function-paren-newline"")","[""error"",""consistent""]","error"
"Style","=HYPERLINK(""https://www.google.com/search?q=eslint+rule+id-blacklist&btnI"", ""id-blacklist"")","off","off"
"Style","=HYPERLINK(""https://www.google.com/search?q=eslint+rule+id-length&btnI"", ""id-length"")","off","off"
"Style","=HYPERLINK(""https://www.google.com/search?q=eslint+rule+id-match&btnI"", ""id-match"")","off","off"
"Style","=HYPERLINK(""https://www.google.com/search?q=eslint+rule+implicit-arrow-linebreak&btnI"", ""implicit-arrow-linebreak"")","[""error"",""beside""]","error"
"Style","=HYPERLINK(""https://www.google.com/search?q=eslint+rule+indent&btnI"", ""indent"")","[""error"",2,{""SwitchCase"":1,""VariableDeclarator"":1,""outerIIFEBody"":1,""FunctionDeclaration"":{""parameters"":1,""body"":1},""FunctionExpression"":{""parameters"":1,""body"":1},""CallExpression"":{""arguments"":1},""ArrayExpression"":1,""ObjectExpression"":1,""ImportDeclaration"":1,""flatTernaryExpressions"":false,""ignoredNodes"":[""JSXElement"",""JSXElement > *"",""JSXAttribute"",""JSXIdentifier"",""JSXNamespacedName"",""JSXMemberExpression"",""JSXSpreadAttribute"",""JSXExpressionContainer"",""JSXOpeningElement"",""JSXClosingElement"",""JSXText"",""JSXEmptyExpression"",""JSXSpreadChild""],""ignoreComments"":false}]","error"
"Style","=HYPERLINK(""https://www.google.com/search?q=eslint+rule+jsx-quotes&btnI"", ""jsx-quotes"")","[""off"",""prefer-double""]","off"
"Style","=HYPERLINK(""https://www.google.com/search?q=eslint+rule+key-spacing&btnI"", ""key-spacing"")","[""error"",{""beforeColon"":false,""afterColon"":true}]","error"
"Style","=HYPERLINK(""https://www.google.com/search?q=eslint+rule+keyword-spacing&btnI"", ""keyword-spacing"")","[""error"",{""before"":true,""after"":true,""overrides"":{""return"":{""after"":true},""throw"":{""after"":true},""case"":{""after"":true}}}]","error"
"Style","=HYPERLINK(""https://www.google.com/search?q=eslint+rule+line-comment-position&btnI"", ""line-comment-position"")","[""off"",{""position"":""above"",""ignorePattern"":"""",""applyDefaultPatterns"":true}]","off"
"Style","=HYPERLINK(""https://www.google.com/search?q=eslint+rule+linebreak-style&btnI"", ""linebreak-style"")","[""error"",""unix""]","error"
"Style","=HYPERLINK(""https://www.google.com/search?q=eslint+rule+lines-between-class-members&btnI"", ""lines-between-class-members"")","[""error"",""always"",{""exceptAfterSingleLine"":false}]","error"
"Style","=HYPERLINK(""https://www.google.com/search?q=eslint+rule+lines-around-comment&btnI"", ""lines-around-comment"")","off","off"
"Style","=HYPERLINK(""https://www.google.com/search?q=eslint+rule+lines-around-directive&btnI"", ""lines-around-directive"")","[""error"",{""before"":""always"",""after"":""always""}]","error"
"Style","=HYPERLINK(""https://www.google.com/search?q=eslint+rule+max-depth&btnI"", ""max-depth"")","[""off"",4]","off"
"Style","=HYPERLINK(""https://www.google.com/search?q=eslint+rule+max-len&btnI"", ""max-len"")","[""error"",100,2,{""ignoreUrls"":true,""ignoreComments"":false,""ignoreRegExpLiterals"":true,""ignoreStrings"":true,""ignoreTemplateLiterals"":true}]","error"
"Style","=HYPERLINK(""https://www.google.com/search?q=eslint+rule+max-lines&btnI"", ""max-lines"")","[""off"",{""max"":300,""skipBlankLines"":true,""skipComments"":true}]","off"
"Style","=HYPERLINK(""https://www.google.com/search?q=eslint+rule+max-nested-callbacks&btnI"", ""max-nested-callbacks"")","off","off"
"Style","=HYPERLINK(""https://www.google.com/search?q=eslint+rule+max-params&btnI"", ""max-params"")","[""off"",3]","off"
"Style","=HYPERLINK(""https://www.google.com/search?q=eslint+rule+max-statements&btnI"", ""max-statements"")","[""off"",10]","off"
"Style","=HYPERLINK(""https://www.google.com/search?q=eslint+rule+max-statements-per-line&btnI"", ""max-statements-per-line"")","[""off"",{""max"":1}]","off"
"Style","=HYPERLINK(""https://www.google.com/search?q=eslint+rule+multiline-comment-style&btnI"", ""multiline-comment-style"")","[""off"",""starred-block""]","off"
"Style","=HYPERLINK(""https://www.google.com/search?q=eslint+rule+multiline-ternary&btnI"", ""multiline-ternary"")","[""off"",""never""]","off"
"Style","=HYPERLINK(""https://www.google.com/search?q=eslint+rule+new-cap&btnI"", ""new-cap"")","[""error"",{""newIsCap"":true,""newIsCapExceptions"":[],""capIsNew"":false,""capIsNewExceptions"":[""Immutable.Map"",""Immutable.Set"",""Immutable.List""]}]","error"
"Style","=HYPERLINK(""https://www.google.com/search?q=eslint+rule+new-parens&btnI"", ""new-parens"")","error","error"
"Style","=HYPERLINK(""https://www.google.com/search?q=eslint+rule+newline-after-var&btnI"", ""newline-after-var"")","off","off"
"Style","=HYPERLINK(""https://www.google.com/search?q=eslint+rule+newline-before-return&btnI"", ""newline-before-return"")","off","off"
"Style","=HYPERLINK(""https://www.google.com/search?q=eslint+rule+newline-per-chained-call&btnI"", ""newline-per-chained-call"")","[""error"",{""ignoreChainWithDepth"":4}]","error"
"Style","=HYPERLINK(""https://www.google.com/search?q=eslint+rule+no-array-constructor&btnI"", ""no-array-constructor"")","error","error"
"Style","=HYPERLINK(""https://www.google.com/search?q=eslint+rule+no-bitwise&btnI"", ""no-bitwise"")","error","error"
"Style","=HYPERLINK(""https://www.google.com/search?q=eslint+rule+no-continue&btnI"", ""no-continue"")","error","error"
"Style","=HYPERLINK(""https://www.google.com/search?q=eslint+rule+no-inline-comments&btnI"", ""no-inline-comments"")","off","off"
"Style","=HYPERLINK(""https://www.google.com/search?q=eslint+rule+no-lonely-if&btnI"", ""no-lonely-if"")","error","error"
"Style","=HYPERLINK(""https://www.google.com/search?q=eslint+rule+no-mixed-operators&btnI"", ""no-mixed-operators"")","[""error"",{""groups"":[[""%"",""**""],[""%"",""+""],[""%"",""-""],[""%"",""*""],[""%"",""/""],[""**"",""+""],[""**"",""-""],[""**"",""*""],[""**"",""/""],[""&"",""|"",""^"",""~"",""<<"","">>"","">>>""],[""=="",""!="",""==="",""!=="","">"","">="",""<"",""<=""],[""&&"",""||""],[""in"",""instanceof""]],""allowSamePrecedence"":false}]","error"
"Style","=HYPERLINK(""https://www.google.com/search?q=eslint+rule+no-mixed-spaces-and-tabs&btnI"", ""no-mixed-spaces-and-tabs"")","error","error"
"Style","=HYPERLINK(""https://www.google.com/search?q=eslint+rule+no-multi-assign&btnI"", ""no-multi-assign"")","[""error""]","error"
"Style","=HYPERLINK(""https://www.google.com/search?q=eslint+rule+no-multiple-empty-lines&btnI"", ""no-multiple-empty-lines"")","[""error"",{""max"":2,""maxEOF"":0}]","error"
"Style","=HYPERLINK(""https://www.google.com/search?q=eslint+rule+no-negated-condition&btnI"", ""no-negated-condition"")","off","off"
"Style","=HYPERLINK(""https://www.google.com/search?q=eslint+rule+no-nested-ternary&btnI"", ""no-nested-ternary"")","error","error"
"Style","=HYPERLINK(""https://www.google.com/search?q=eslint+rule+no-new-object&btnI"", ""no-new-object"")","error","error"
"Style","=HYPERLINK(""https://www.google.com/search?q=eslint+rule+no-plusplus&btnI"", ""no-plusplus"")","error","error"
"Style","=HYPERLINK(""https://www.google.com/search?q=eslint+rule+no-restricted-syntax&btnI"", ""no-restricted-syntax"")","[""error"",{""selector"":""ForInStatement"",""message"":""for..in loops iterate over the entire prototype chain, which is virtually never what you want. Use Object.{keys,values,entries}, and iterate over the resulting array.""},{""selector"":""ForOfStatement"",""message"":""iterators/generators require regenerator-runtime, which is too heavyweight for this guide to allow them. Separately, loops should be avoided in favor of array iterations.""},{""selector"":""LabeledStatement"",""message"":""Labels are a form of GOTO; using them makes code confusing and hard to maintain and understand.""},{""selector"":""WithStatement"",""message"":""`with` is disallowed in strict mode because it makes code impossible to predict and optimize.""}]","error"
"Style","=HYPERLINK(""https://www.google.com/search?q=eslint+rule+no-spaced-func&btnI"", ""no-spaced-func"")","error","error"
"Style","=HYPERLINK(""https://www.google.com/search?q=eslint+rule+no-tabs&btnI"", ""no-tabs"")","error","error"
"Style","=HYPERLINK(""https://www.google.com/search?q=eslint+rule+no-ternary&btnI"", ""no-ternary"")","off","off"
"Style","=HYPERLINK(""https://www.google.com/search?q=eslint+rule+no-trailing-spaces&btnI"", ""no-trailing-spaces"")","[""error"",{""skipBlankLines"":false,""ignoreComments"":false}]","error"
"Style","=HYPERLINK(""https://www.google.com/search?q=eslint+rule+no-underscore-dangle&btnI"", ""no-underscore-dangle"")","[""error"",{""allow"":[],""allowAfterThis"":false,""allowAfterSuper"":false,""enforceInMethodNames"":false}]","error"
"Style","=HYPERLINK(""https://www.google.com/search?q=eslint+rule+no-unneeded-ternary&btnI"", ""no-unneeded-ternary"")","[""error"",{""defaultAssignment"":false}]","error"
"Style","=HYPERLINK(""https://www.google.com/search?q=eslint+rule+no-whitespace-before-property&btnI"", ""no-whitespace-before-property"")","error","error"
"Style","=HYPERLINK(""https://www.google.com/search?q=eslint+rule+nonblock-statement-body-position&btnI"", ""nonblock-statement-body-position"")","[""error"",""beside"",{""overrides"":{}}]","error"
"Style","=HYPERLINK(""https://www.google.com/search?q=eslint+rule+object-curly-spacing&btnI"", ""object-curly-spacing"")","[""error"",""always""]","error"
"Style","=HYPERLINK(""https://www.google.com/search?q=eslint+rule+object-curly-newline&btnI"", ""object-curly-newline"")","[""error"",{""ObjectExpression"":{""minProperties"":4,""multiline"":true,""consistent"":true},""ObjectPattern"":{""minProperties"":4,""multiline"":true,""consistent"":true},""ImportDeclaration"":{""minProperties"":4,""multiline"":true,""consistent"":true},""ExportDeclaration"":{""minProperties"":4,""multiline"":true,""consistent"":true}}]","error"
"Style","=HYPERLINK(""https://www.google.com/search?q=eslint+rule+object-property-newline&btnI"", ""object-property-newline"")","[""error"",{""allowAllPropertiesOnSameLine"":true}]","error"
"Style","=HYPERLINK(""https://www.google.com/search?q=eslint+rule+one-var&btnI"", ""one-var"")","[""error"",""never""]","error"
"Style","=HYPERLINK(""https://www.google.com/search?q=eslint+rule+one-var-declaration-per-line&btnI"", ""one-var-declaration-per-line"")","[""error"",""always""]","error"
"Style","=HYPERLINK(""https://www.google.com/search?q=eslint+rule+operator-assignment&btnI"", ""operator-assignment"")","[""error"",""always""]","error"
"Style","=HYPERLINK(""https://www.google.com/search?q=eslint+rule+operator-linebreak&btnI"", ""operator-linebreak"")","[""error"",""before"",{""overrides"":{""="":""none""}}]","error"
"Style","=HYPERLINK(""https://www.google.com/search?q=eslint+rule+padded-blocks&btnI"", ""padded-blocks"")","[""error"",{""blocks"":""never"",""classes"":""never"",""switches"":""never""}]","error"
"Style","=HYPERLINK(""https://www.google.com/search?q=eslint+rule+padding-line-between-statements&btnI"", ""padding-line-between-statements"")","off","off"
"Style","=HYPERLINK(""https://www.google.com/search?q=eslint+rule+quote-props&btnI"", ""quote-props"")","[""error"",""as-needed"",{""keywords"":false,""unnecessary"":true,""numbers"":false}]","error"
"Style","=HYPERLINK(""https://www.google.com/search?q=eslint+rule+quotes&btnI"", ""quotes"")","[""error"",""single"",{""avoidEscape"":true}]","error"
"Style","=HYPERLINK(""https://www.google.com/search?q=eslint+rule+require-jsdoc&btnI"", ""require-jsdoc"")","off","off"
"Style","=HYPERLINK(""https://www.google.com/search?q=eslint+rule+semi&btnI"", ""semi"")","[""error"",""always""]","error"
"Style","=HYPERLINK(""https://www.google.com/search?q=eslint+rule+semi-spacing&btnI"", ""semi-spacing"")","[""error"",{""before"":false,""after"":true}]","error"
"Style","=HYPERLINK(""https://www.google.com/search?q=eslint+rule+semi-style&btnI"", ""semi-style"")","[""error"",""last""]","error"
"Style","=HYPERLINK(""https://www.google.com/search?q=eslint+rule+sort-keys&btnI"", ""sort-keys"")","[""off"",""asc"",{""caseSensitive"":false,""natural"":true}]","off"
"Style","=HYPERLINK(""https://www.google.com/search?q=eslint+rule+sort-vars&btnI"", ""sort-vars"")","off","off"
"Style","=HYPERLINK(""https://www.google.com/search?q=eslint+rule+space-before-blocks&btnI"", ""space-before-blocks"")","error","error"
"Style","=HYPERLINK(""https://www.google.com/search?q=eslint+rule+space-before-function-paren&btnI"", ""space-before-function-paren"")","[""error"",{""anonymous"":""always"",""named"":""never"",""asyncArrow"":""always""}]","error"
"Style","=HYPERLINK(""https://www.google.com/search?q=eslint+rule+space-in-parens&btnI"", ""space-in-parens"")","[""error"",""never""]","error"
"Style","=HYPERLINK(""https://www.google.com/search?q=eslint+rule+space-infix-ops&btnI"", ""space-infix-ops"")","error","error"
"Style","=HYPERLINK(""https://www.google.com/search?q=eslint+rule+space-unary-ops&btnI"", ""space-unary-ops"")","[""error"",{""words"":true,""nonwords"":false,""overrides"":{}}]","error"
"Style","=HYPERLINK(""https://www.google.com/search?q=eslint+rule+spaced-comment&btnI"", ""spaced-comment"")","[""error"",""always"",{""line"":{""exceptions"":[""-"",""+""],""markers"":[""="",""!""]},""block"":{""exceptions"":[""-"",""+""],""markers"":[""="",""!""],""balanced"":true}}]","error"
"Style","=HYPERLINK(""https://www.google.com/search?q=eslint+rule+switch-colon-spacing&btnI"", ""switch-colon-spacing"")","[""error"",{""after"":true,""before"":false}]","error"
"Style","=HYPERLINK(""https://www.google.com/search?q=eslint+rule+template-tag-spacing&btnI"", ""template-tag-spacing"")","[""error"",""never""]","error"
"Style","=HYPERLINK(""https://www.google.com/search?q=eslint+rule+unicode-bom&btnI"", ""unicode-bom"")","[""error"",""never""]","error"
"Style","=HYPERLINK(""https://www.google.com/search?q=eslint+rule+wrap-regex&btnI"", ""wrap-regex"")","off","off"
"Variables","=HYPERLINK(""https://www.google.com/search?q=eslint+rule+init-declarations&btnI"", ""init-declarations"")","off","off"
"Variables","=HYPERLINK(""https://www.google.com/search?q=eslint+rule+no-catch-shadow&btnI"", ""no-catch-shadow"")","off","off"
"Variables","=HYPERLINK(""https://www.google.com/search?q=eslint+rule+no-delete-var&btnI"", ""no-delete-var"")","error","error"
"Variables","=HYPERLINK(""https://www.google.com/search?q=eslint+rule+no-label-var&btnI"", ""no-label-var"")","error","error"
"Variables","=HYPERLINK(""https://www.google.com/search?q=eslint+rule+no-restricted-globals&btnI"", ""no-restricted-globals"")","[""error"",""isFinite"",""isNaN"",""addEventListener"",""blur"",""close"",""closed"",""confirm"",""defaultStatus"",""event"",""external"",""defaultstatus"",""find"",""focus"",""frameElement"",""frames"",""history"",""innerHeight"",""innerWidth"",""length"",""location"",""locationbar"",""menubar"",""moveBy"",""moveTo"",""name"",""onblur"",""onerror"",""onfocus"",""onload"",""onresize"",""onunload"",""open"",""opener"",""opera"",""outerHeight"",""outerWidth"",""pageXOffset"",""pageYOffset"",""parent"",""print"",""removeEventListener"",""resizeBy"",""resizeTo"",""screen"",""screenLeft"",""screenTop"",""screenX"",""screenY"",""scroll"",""scrollbars"",""scrollBy"",""scrollTo"",""scrollX"",""scrollY"",""self"",""status"",""statusbar"",""stop"",""toolbar"",""top""]","error"
"Variables","=HYPERLINK(""https://www.google.com/search?q=eslint+rule+no-shadow&btnI"", ""no-shadow"")","error","error"
"Variables","=HYPERLINK(""https://www.google.com/search?q=eslint+rule+no-shadow-restricted-names&btnI"", ""no-shadow-restricted-names"")","error","error"
"Variables","=HYPERLINK(""https://www.google.com/search?q=eslint+rule+no-undef&btnI"", ""no-undef"")","error","error"
"Variables","=HYPERLINK(""https://www.google.com/search?q=eslint+rule+no-undef-init&btnI"", ""no-undef-init"")","error","error"
"Variables","=HYPERLINK(""https://www.google.com/search?q=eslint+rule+no-undefined&btnI"", ""no-undefined"")","off","off"
"Variables","=HYPERLINK(""https://www.google.com/search?q=eslint+rule+no-unused-vars&btnI"", ""no-unused-vars"")","[""error"",{""vars"":""all"",""args"":""after-used"",""ignoreRestSiblings"":true}]","error"
"Variables","=HYPERLINK(""https://www.google.com/search?q=eslint+rule+no-use-before-define&btnI"", ""no-use-before-define"")","[""error"",{""functions"":true,""classes"":true,""variables"":true}]","error"
"ES6","=HYPERLINK(""https://www.google.com/search?q=eslint+rule+arrow-body-style&btnI"", ""arrow-body-style"")","[""error"",""as-needed"",{""requireReturnForObjectLiteral"":false}]","error"
"ES6","=HYPERLINK(""https://www.google.com/search?q=eslint+rule+arrow-parens&btnI"", ""arrow-parens"")","[""error"",""as-needed"",{""requireForBlockBody"":true}]","error"
"ES6","=HYPERLINK(""https://www.google.com/search?q=eslint+rule+arrow-spacing&btnI"", ""arrow-spacing"")","[""error"",{""before"":true,""after"":true}]","error"
"ES6","=HYPERLINK(""https://www.google.com/search?q=eslint+rule+constructor-super&btnI"", ""constructor-super"")","error","error"
"ES6","=HYPERLINK(""https://www.google.com/search?q=eslint+rule+generator-star-spacing&btnI"", ""generator-star-spacing"")","[""error"",{""before"":false,""after"":true}]","error"
"ES6","=HYPERLINK(""https://www.google.com/search?q=eslint+rule+no-class-assign&btnI"", ""no-class-assign"")","error","error"
"ES6","=HYPERLINK(""https://www.google.com/search?q=eslint+rule+no-confusing-arrow&btnI"", ""no-confusing-arrow"")","[""error"",{""allowParens"":true}]","error"
"ES6","=HYPERLINK(""https://www.google.com/search?q=eslint+rule+no-const-assign&btnI"", ""no-const-assign"")","error","error"
"ES6","=HYPERLINK(""https://www.google.com/search?q=eslint+rule+no-dupe-class-members&btnI"", ""no-dupe-class-members"")","error","error"
"ES6","=HYPERLINK(""https://www.google.com/search?q=eslint+rule+no-duplicate-imports&btnI"", ""no-duplicate-imports"")","off","off"
"ES6","=HYPERLINK(""https://www.google.com/search?q=eslint+rule+no-new-symbol&btnI"", ""no-new-symbol"")","error","error"
"ES6","=HYPERLINK(""https://www.google.com/search?q=eslint+rule+no-restricted-imports&btnI"", ""no-restricted-imports"")","[""off"",{""paths"":[],""patterns"":[]}]","off"
"ES6","=HYPERLINK(""https://www.google.com/search?q=eslint+rule+no-this-before-super&btnI"", ""no-this-before-super"")","error","error"
"ES6","=HYPERLINK(""https://www.google.com/search?q=eslint+rule+no-useless-computed-key&btnI"", ""no-useless-computed-key"")","error","error"
"ES6","=HYPERLINK(""https://www.google.com/search?q=eslint+rule+no-useless-constructor&btnI"", ""no-useless-constructor"")","error","error"
"ES6","=HYPERLINK(""https://www.google.com/search?q=eslint+rule+no-useless-rename&btnI"", ""no-useless-rename"")","[""error"",{""ignoreDestructuring"":false,""ignoreImport"":false,""ignoreExport"":false}]","error"
"ES6","=HYPERLINK(""https://www.google.com/search?q=eslint+rule+no-var&btnI"", ""no-var"")","error","error"
"ES6","=HYPERLINK(""https://www.google.com/search?q=eslint+rule+object-shorthand&btnI"", ""object-shorthand"")","[""error"",""always"",{""ignoreConstructors"":false,""avoidQuotes"":true}]","error"
"ES6","=HYPERLINK(""https://www.google.com/search?q=eslint+rule+prefer-arrow-callback&btnI"", ""prefer-arrow-callback"")","[""error"",{""allowNamedFunctions"":false,""allowUnboundThis"":true}]","error"
"ES6","=HYPERLINK(""https://www.google.com/search?q=eslint+rule+prefer-const&btnI"", ""prefer-const"")","[""error"",{""destructuring"":""any"",""ignoreReadBeforeAssign"":true}]","error"
"ES6","=HYPERLINK(""https://www.google.com/search?q=eslint+rule+prefer-destructuring&btnI"", ""prefer-destructuring"")","[""error"",{""VariableDeclarator"":{""array"":false,""object"":true},""AssignmentExpression"":{""array"":true,""object"":true}},{""enforceForRenamedProperties"":false}]","error"
"ES6","=HYPERLINK(""https://www.google.com/search?q=eslint+rule+prefer-numeric-literals&btnI"", ""prefer-numeric-literals"")","error","error"
"ES6","=HYPERLINK(""https://www.google.com/search?q=eslint+rule+prefer-reflect&btnI"", ""prefer-reflect"")","off","off"
"ES6","=HYPERLINK(""https://www.google.com/search?q=eslint+rule+prefer-rest-params&btnI"", ""prefer-rest-params"")","error","error"
"ES6","=HYPERLINK(""https://www.google.com/search?q=eslint+rule+prefer-spread&btnI"", ""prefer-spread"")","error","error"
"ES6","=HYPERLINK(""https://www.google.com/search?q=eslint+rule+prefer-template&btnI"", ""prefer-template"")","error","error"
"ES6","=HYPERLINK(""https://www.google.com/search?q=eslint+rule+require-yield&btnI"", ""require-yield"")","error","error"
"ES6","=HYPERLINK(""https://www.google.com/search?q=eslint+rule+rest-spread-spacing&btnI"", ""rest-spread-spacing"")","[""error"",""never""]","error"
"ES6","=HYPERLINK(""https://www.google.com/search?q=eslint+rule+sort-imports&btnI"", ""sort-imports"")","[""off"",{""ignoreCase"":false,""ignoreMemberSort"":false,""memberSyntaxSortOrder"":[""none"",""all"",""multiple"",""single""]}]","off"
"ES6","=HYPERLINK(""https://www.google.com/search?q=eslint+rule+symbol-description&btnI"", ""symbol-description"")","error","error"
"ES6","=HYPERLINK(""https://www.google.com/search?q=eslint+rule+template-curly-spacing&btnI"", ""template-curly-spacing"")","error","error"
"ES6","=HYPERLINK(""https://www.google.com/search?q=eslint+rule+yield-star-spacing&btnI"", ""yield-star-spacing"")","[""error"",""after""]","error"
"Imports","=HYPERLINK(""https://www.google.com/search?q=eslint+rule+import/no-unresolved&btnI"", ""import/no-unresolved"")","[""error"",{""commonjs"":true,""caseSensitive"":true}]","error"
"Imports","=HYPERLINK(""https://www.google.com/search?q=eslint+rule+import/named&btnI"", ""import/named"")","error","error"
"Imports","=HYPERLINK(""https://www.google.com/search?q=eslint+rule+import/default&btnI"", ""import/default"")","off","off"
"Imports","=HYPERLINK(""https://www.google.com/search?q=eslint+rule+import/namespace&btnI"", ""import/namespace"")","off","off"
"Imports","=HYPERLINK(""https://www.google.com/search?q=eslint+rule+import/export&btnI"", ""import/export"")","error","error"
"Imports","=HYPERLINK(""https://www.google.com/search?q=eslint+rule+import/no-named-as-default&btnI"", ""import/no-named-as-default"")","error","error"
"Imports","=HYPERLINK(""https://www.google.com/search?q=eslint+rule+import/no-named-as-default-member&btnI"", ""import/no-named-as-default-member"")","error","error"
"Imports","=HYPERLINK(""https://www.google.com/search?q=eslint+rule+import/no-deprecated&btnI"", ""import/no-deprecated"")","off","off"
"Imports","=HYPERLINK(""https://www.google.com/search?q=eslint+rule+import/no-extraneous-dependencies&btnI"", ""import/no-extraneous-dependencies"")","[""error"",{""devDependencies"":[""test/**"",""tests/**"",""spec/**"",""**/__tests__/**"",""**/__mocks__/**"",""test.{js,jsx}"",""test-*.{js,jsx}"",""**/*{.,_}{test,spec}.{js,jsx}"",""**/jest.config.js"",""**/vue.config.js"",""**/webpack.config.js"",""**/webpack.config.*.js"",""**/rollup.config.js"",""**/rollup.config.*.js"",""**/gulpfile.js"",""**/gulpfile.*.js"",""**/Gruntfile{,.js}"",""**/protractor.conf.js"",""**/protractor.conf.*.js""],""optionalDependencies"":false}]","error"
"Imports","=HYPERLINK(""https://www.google.com/search?q=eslint+rule+import/no-mutable-exports&btnI"", ""import/no-mutable-exports"")","error","error"
"Imports","=HYPERLINK(""https://www.google.com/search?q=eslint+rule+import/no-commonjs&btnI"", ""import/no-commonjs"")","off","off"
"Imports","=HYPERLINK(""https://www.google.com/search?q=eslint+rule+import/no-amd&btnI"", ""import/no-amd"")","error","error"
"Imports","=HYPERLINK(""https://www.google.com/search?q=eslint+rule+import/no-nodejs-modules&btnI"", ""import/no-nodejs-modules"")","off","off"
"Imports","=HYPERLINK(""https://www.google.com/search?q=eslint+rule+import/first&btnI"", ""import/first"")","error","error"
"Imports","=HYPERLINK(""https://www.google.com/search?q=eslint+rule+import/imports-first&btnI"", ""import/imports-first"")","off","off"
"Imports","=HYPERLINK(""https://www.google.com/search?q=eslint+rule+import/no-duplicates&btnI"", ""import/no-duplicates"")","error","error"
"Imports","=HYPERLINK(""https://www.google.com/search?q=eslint+rule+import/no-namespace&btnI"", ""import/no-namespace"")","off","off"
"Imports","=HYPERLINK(""https://www.google.com/search?q=eslint+rule+import/extensions&btnI"", ""import/extensions"")","[""error"",""ignorePackages"",{""js"":""never"",""mjs"":""never"",""jsx"":""never""}]","error"
"Imports","=HYPERLINK(""https://www.google.com/search?q=eslint+rule+import/order&btnI"", ""import/order"")","[""error"",{""groups"":[[""builtin"",""external"",""internal""]]}]","error"
"Imports","=HYPERLINK(""https://www.google.com/search?q=eslint+rule+import/newline-after-import&btnI"", ""import/newline-after-import"")","error","error"
"Imports","=HYPERLINK(""https://www.google.com/search?q=eslint+rule+import/prefer-default-export&btnI"", ""import/prefer-default-export"")","error","error"
"Imports","=HYPERLINK(""https://www.google.com/search?q=eslint+rule+import/no-restricted-paths&btnI"", ""import/no-restricted-paths"")","off","off"
"Imports","=HYPERLINK(""https://www.google.com/search?q=eslint+rule+import/max-dependencies&btnI"", ""import/max-dependencies"")","[""off"",{""max"":10}]","off"
"Imports","=HYPERLINK(""https://www.google.com/search?q=eslint+rule+import/no-absolute-path&btnI"", ""import/no-absolute-path"")","error","error"
"Imports","=HYPERLINK(""https://www.google.com/search?q=eslint+rule+import/no-dynamic-require&btnI"", ""import/no-dynamic-require"")","error","error"
"Imports","=HYPERLINK(""https://www.google.com/search?q=eslint+rule+import/no-internal-modules&btnI"", ""import/no-internal-modules"")","[""off"",{""allow"":[]}]","off"
"Imports","=HYPERLINK(""https://www.google.com/search?q=eslint+rule+import/unambiguous&btnI"", ""import/unambiguous"")","off","off"
"Imports","=HYPERLINK(""https://www.google.com/search?q=eslint+rule+import/no-webpack-loader-syntax&btnI"", ""import/no-webpack-loader-syntax"")","error","error"
"Imports","=HYPERLINK(""https://www.google.com/search?q=eslint+rule+import/no-unassigned-import&btnI"", ""import/no-unassigned-import"")","off","off"
"Imports","=HYPERLINK(""https://www.google.com/search?q=eslint+rule+import/no-named-default&btnI"", ""import/no-named-default"")","error","error"
"Imports","=HYPERLINK(""https://www.google.com/search?q=eslint+rule+import/no-anonymous-default-export&btnI"", ""import/no-anonymous-default-export"")","[""off"",{""allowArray"":false,""allowArrowFunction"":false,""allowAnonymousClass"":false,""allowAnonymousFunction"":false,""allowLiteral"":false,""allowObject"":false}]","off"
"Imports","=HYPERLINK(""https://www.google.com/search?q=eslint+rule+import/exports-last&btnI"", ""import/exports-last"")","off","off"
"Imports","=HYPERLINK(""https://www.google.com/search?q=eslint+rule+import/group-exports&btnI"", ""import/group-exports"")","off","off"
"Imports","=HYPERLINK(""https://www.google.com/search?q=eslint+rule+import/no-default-export&btnI"", ""import/no-default-export"")","off","off"
"Imports","=HYPERLINK(""https://www.google.com/search?q=eslint+rule+import/no-self-import&btnI"", ""import/no-self-import"")","error","error"
"Imports","=HYPERLINK(""https://www.google.com/search?q=eslint+rule+import/no-cycle&btnI"", ""import/no-cycle"")","[""error"",{""maxDepth"":null}]","error"
"Imports","=HYPERLINK(""https://www.google.com/search?q=eslint+rule+import/no-useless-path-segments&btnI"", ""import/no-useless-path-segments"")","error","error"
"Imports","=HYPERLINK(""https://www.google.com/search?q=eslint+rule+import/dynamic-import-chunkname&btnI"", ""import/dynamic-import-chunkname"")","[""off"",{""importFunctions"":[],""webpackChunknameFormat"":""[0-9a-zA-Z-_/.]+""}]","off"
"Strict","=HYPERLINK(""https://www.google.com/search?q=eslint+rule+strict&btnI"", ""strict"")","[""error"",""never""]","error"
"React","=HYPERLINK(""https://www.google.com/search?q=eslint+rule+jsx-quotes&btnI"", ""jsx-quotes"")","[""error"",""prefer-double""]","error"
"React","=HYPERLINK(""https://www.google.com/search?q=eslint+rule+class-methods-use-this&btnI"", ""class-methods-use-this"")","[""error"",{""exceptMethods"":[""render"",""getInitialState"",""getDefaultProps"",""getChildContext"",""componentWillMount"",""UNSAFE_componentWillMount"",""componentDidMount"",""componentWillReceiveProps"",""UNSAFE_componentWillReceiveProps"",""shouldComponentUpdate"",""componentWillUpdate"",""UNSAFE_componentWillUpdate"",""componentDidUpdate"",""componentWillUnmount"",""componentDidCatch"",""getSnapshotBeforeUpdate""]}]","error"
"React","=HYPERLINK(""https://www.google.com/search?q=eslint+rule+react/display-name&btnI"", ""react/display-name"")","[""off"",{""ignoreTranspilerName"":false}]","off"
"React","=HYPERLINK(""https://www.google.com/search?q=eslint+rule+react/forbid-prop-types&btnI"", ""react/forbid-prop-types"")","[""error"",{""forbid"":[""any"",""array"",""object""],""checkContextTypes"":true,""checkChildContextTypes"":true}]","error"
"React","=HYPERLINK(""https://www.google.com/search?q=eslint+rule+react/forbid-dom-props&btnI"", ""react/forbid-dom-props"")","[""off"",{""forbid"":[]}]","off"
"React","=HYPERLINK(""https://www.google.com/search?q=eslint+rule+react/jsx-boolean-value&btnI"", ""react/jsx-boolean-value"")","[""error"",""never"",{""always"":[]}]","error"
"React","=HYPERLINK(""https://www.google.com/search?q=eslint+rule+react/jsx-closing-bracket-location&btnI"", ""react/jsx-closing-bracket-location"")","[""error"",""line-aligned""]","error"
"React","=HYPERLINK(""https://www.google.com/search?q=eslint+rule+react/jsx-closing-tag-location&btnI"", ""react/jsx-closing-tag-location"")","error","error"
"React","=HYPERLINK(""https://www.google.com/search?q=eslint+rule+react/jsx-curly-spacing&btnI"", ""react/jsx-curly-spacing"")","[""error"",""never"",{""allowMultiline"":true}]","error"
"React","=HYPERLINK(""https://www.google.com/search?q=eslint+rule+react/jsx-handler-names&btnI"", ""react/jsx-handler-names"")","[""off"",{""eventHandlerPrefix"":""handle"",""eventHandlerPropPrefix"":""on""}]","off"
"React","=HYPERLINK(""https://www.google.com/search?q=eslint+rule+react/jsx-indent-props&btnI"", ""react/jsx-indent-props"")","[""error"",2]","error"
"React","=HYPERLINK(""https://www.google.com/search?q=eslint+rule+react/jsx-key&btnI"", ""react/jsx-key"")","off","off"
"React","=HYPERLINK(""https://www.google.com/search?q=eslint+rule+react/jsx-max-props-per-line&btnI"", ""react/jsx-max-props-per-line"")","[""error"",{""maximum"":1,""when"":""multiline""}]","error"
"React","=HYPERLINK(""https://www.google.com/search?q=eslint+rule+react/jsx-no-bind&btnI"", ""react/jsx-no-bind"")","[""error"",{""ignoreRefs"":true,""allowArrowFunctions"":true,""allowBind"":false}]","error"
"React","=HYPERLINK(""https://www.google.com/search?q=eslint+rule+react/jsx-no-duplicate-props&btnI"", ""react/jsx-no-duplicate-props"")","[""error"",{""ignoreCase"":true}]","error"
"React","=HYPERLINK(""https://www.google.com/search?q=eslint+rule+react/jsx-no-literals&btnI"", ""react/jsx-no-literals"")","[""off"",{""noStrings"":true}]","off"
"React","=HYPERLINK(""https://www.google.com/search?q=eslint+rule+react/jsx-no-undef&btnI"", ""react/jsx-no-undef"")","error","error"
"React","=HYPERLINK(""https://www.google.com/search?q=eslint+rule+react/jsx-pascal-case&btnI"", ""react/jsx-pascal-case"")","[""error"",{""allowAllCaps"":true,""ignore"":[]}]","error"
"React","=HYPERLINK(""https://www.google.com/search?q=eslint+rule+react/sort-prop-types&btnI"", ""react/sort-prop-types"")","[""off"",{""ignoreCase"":true,""callbacksLast"":false,""requiredFirst"":false,""sortShapeProp"":true}]","off"
"React","=HYPERLINK(""https://www.google.com/search?q=eslint+rule+react/jsx-sort-prop-types&btnI"", ""react/jsx-sort-prop-types"")","off","off"
"React","=HYPERLINK(""https://www.google.com/search?q=eslint+rule+react/jsx-sort-props&btnI"", ""react/jsx-sort-props"")","[""off"",{""ignoreCase"":true,""callbacksLast"":false,""shorthandFirst"":false,""shorthandLast"":false,""noSortAlphabetically"":false,""reservedFirst"":true}]","off"
"React","=HYPERLINK(""https://www.google.com/search?q=eslint+rule+react/jsx-sort-default-props&btnI"", ""react/jsx-sort-default-props"")","[""off"",{""ignoreCase"":true}]","off"
"React","=HYPERLINK(""https://www.google.com/search?q=eslint+rule+react/jsx-uses-react&btnI"", ""react/jsx-uses-react"")","[""error""]","error"
"React","=HYPERLINK(""https://www.google.com/search?q=eslint+rule+react/jsx-uses-vars&btnI"", ""react/jsx-uses-vars"")","error","error"
"React","=HYPERLINK(""https://www.google.com/search?q=eslint+rule+react/no-danger&btnI"", ""react/no-danger"")","warn","warn"
"React","=HYPERLINK(""https://www.google.com/search?q=eslint+rule+react/no-deprecated&btnI"", ""react/no-deprecated"")","[""error""]","error"
"React","=HYPERLINK(""https://www.google.com/search?q=eslint+rule+react/no-did-mount-set-state&btnI"", ""react/no-did-mount-set-state"")","off","off"
"React","=HYPERLINK(""https://www.google.com/search?q=eslint+rule+react/no-did-update-set-state&btnI"", ""react/no-did-update-set-state"")","error","error"
"React","=HYPERLINK(""https://www.google.com/search?q=eslint+rule+react/no-will-update-set-state&btnI"", ""react/no-will-update-set-state"")","error","error"
"React","=HYPERLINK(""https://www.google.com/search?q=eslint+rule+react/no-direct-mutation-state&btnI"", ""react/no-direct-mutation-state"")","off","off"
"React","=HYPERLINK(""https://www.google.com/search?q=eslint+rule+react/no-is-mounted&btnI"", ""react/no-is-mounted"")","error","error"
"React","=HYPERLINK(""https://www.google.com/search?q=eslint+rule+react/no-multi-comp&btnI"", ""react/no-multi-comp"")","[""error"",{""ignoreStateless"":true}]","error"
"React","=HYPERLINK(""https://www.google.com/search?q=eslint+rule+react/no-set-state&btnI"", ""react/no-set-state"")","off","off"
"React","=HYPERLINK(""https://www.google.com/search?q=eslint+rule+react/no-string-refs&btnI"", ""react/no-string-refs"")","error","error"
"React","=HYPERLINK(""https://www.google.com/search?q=eslint+rule+react/no-unknown-property&btnI"", ""react/no-unknown-property"")","error","error"
"React","=HYPERLINK(""https://www.google.com/search?q=eslint+rule+react/prefer-es6-class&btnI"", ""react/prefer-es6-class"")","[""error"",""always""]","error"
"React","=HYPERLINK(""https://www.google.com/search?q=eslint+rule+react/prefer-stateless-function&btnI"", ""react/prefer-stateless-function"")","[""error"",{""ignorePureComponents"":true}]","error"
"React","=HYPERLINK(""https://www.google.com/search?q=eslint+rule+react/prop-types&btnI"", ""react/prop-types"")","[""error"",{""ignore"":[],""customValidators"":[],""skipUndeclared"":false}]","error"
"React","=HYPERLINK(""https://www.google.com/search?q=eslint+rule+react/react-in-jsx-scope&btnI"", ""react/react-in-jsx-scope"")","error","error"
"React","=HYPERLINK(""https://www.google.com/search?q=eslint+rule+react/require-render-return&btnI"", ""react/require-render-return"")","error","error"
"React","=HYPERLINK(""https://www.google.com/search?q=eslint+rule+react/self-closing-comp&btnI"", ""react/self-closing-comp"")","error","error"
"React","=HYPERLINK(""https://www.google.com/search?q=eslint+rule+react/sort-comp&btnI"", ""react/sort-comp"")","[""error"",{""order"":[""static-methods"",""instance-variables"",""lifecycle"",""/^on.+$/"",""getters"",""setters"",""/^(get|set)(?!(InitialState$|DefaultProps$|ChildContext$)).+$/"",""instance-methods"",""everything-else"",""rendering""],""groups"":{""lifecycle"":[""displayName"",""propTypes"",""contextTypes"",""childContextTypes"",""mixins"",""statics"",""defaultProps"",""constructor"",""getDefaultProps"",""getInitialState"",""state"",""getChildContext"",""componentWillMount"",""componentDidMount"",""componentWillReceiveProps"",""shouldComponentUpdate"",""componentWillUpdate"",""componentDidUpdate"",""componentWillUnmount""],""rendering"":[""/^render.+$/"",""render""]}}]","error"
"React","=HYPERLINK(""https://www.google.com/search?q=eslint+rule+react/jsx-wrap-multilines&btnI"", ""react/jsx-wrap-multilines"")","[""error"",{""declaration"":""parens-new-line"",""assignment"":""parens-new-line"",""return"":""parens-new-line"",""arrow"":""parens-new-line"",""condition"":""parens-new-line"",""logical"":""parens-new-line"",""prop"":""parens-new-line""}]","error"
"React","=HYPERLINK(""https://www.google.com/search?q=eslint+rule+react/jsx-first-prop-new-line&btnI"", ""react/jsx-first-prop-new-line"")","[""error"",""multiline-multiprop""]","error"
"React","=HYPERLINK(""https://www.google.com/search?q=eslint+rule+react/jsx-equals-spacing&btnI"", ""react/jsx-equals-spacing"")","[""error"",""never""]","error"
"React","=HYPERLINK(""https://www.google.com/search?q=eslint+rule+react/jsx-indent&btnI"", ""react/jsx-indent"")","[""error"",2]","error"
"React","=HYPERLINK(""https://www.google.com/search?q=eslint+rule+react/jsx-no-target-blank&btnI"", ""react/jsx-no-target-blank"")","[""error"",{""enforceDynamicLinks"":""always""}]","error"
"React","=HYPERLINK(""https://www.google.com/search?q=eslint+rule+react/jsx-filename-extension&btnI"", ""react/jsx-filename-extension"")","[""error"",{""extensions"":["".jsx""]}]","error"
"React","=HYPERLINK(""https://www.google.com/search?q=eslint+rule+react/jsx-no-comment-textnodes&btnI"", ""react/jsx-no-comment-textnodes"")","error","error"
"React","=HYPERLINK(""https://www.google.com/search?q=eslint+rule+react/no-render-return-value&btnI"", ""react/no-render-return-value"")","error","error"
"React","=HYPERLINK(""https://www.google.com/search?q=eslint+rule+react/require-optimization&btnI"", ""react/require-optimization"")","[""off"",{""allowDecorators"":[]}]","off"
"React","=HYPERLINK(""https://www.google.com/search?q=eslint+rule+react/no-find-dom-node&btnI"", ""react/no-find-dom-node"")","error","error"
"React","=HYPERLINK(""https://www.google.com/search?q=eslint+rule+react/forbid-component-props&btnI"", ""react/forbid-component-props"")","[""off"",{""forbid"":[]}]","off"
"React","=HYPERLINK(""https://www.google.com/search?q=eslint+rule+react/forbid-elements&btnI"", ""react/forbid-elements"")","[""off"",{""forbid"":[]}]","off"
"React","=HYPERLINK(""https://www.google.com/search?q=eslint+rule+react/no-danger-with-children&btnI"", ""react/no-danger-with-children"")","error","error"
"React","=HYPERLINK(""https://www.google.com/search?q=eslint+rule+react/no-unused-prop-types&btnI"", ""react/no-unused-prop-types"")","[""error"",{""customValidators"":[],""skipShapeProps"":true}]","error"
"React","=HYPERLINK(""https://www.google.com/search?q=eslint+rule+react/style-prop-object&btnI"", ""react/style-prop-object"")","error","error"
"React","=HYPERLINK(""https://www.google.com/search?q=eslint+rule+react/no-unescaped-entities&btnI"", ""react/no-unescaped-entities"")","error","error"
"React","=HYPERLINK(""https://www.google.com/search?q=eslint+rule+react/no-children-prop&btnI"", ""react/no-children-prop"")","error","error"
"React","=HYPERLINK(""https://www.google.com/search?q=eslint+rule+react/jsx-tag-spacing&btnI"", ""react/jsx-tag-spacing"")","[""error"",{""closingSlash"":""never"",""beforeSelfClosing"":""always"",""afterOpening"":""never"",""beforeClosing"":""never""}]","error"
"React","=HYPERLINK(""https://www.google.com/search?q=eslint+rule+react/jsx-space-before-closing&btnI"", ""react/jsx-space-before-closing"")","[""off"",""always""]","off"
"React","=HYPERLINK(""https://www.google.com/search?q=eslint+rule+react/no-array-index-key&btnI"", ""react/no-array-index-key"")","error","error"
"React","=HYPERLINK(""https://www.google.com/search?q=eslint+rule+react/require-default-props&btnI"", ""react/require-default-props"")","[""error"",{""forbidDefaultForRequired"":true}]","error"
"React","=HYPERLINK(""https://www.google.com/search?q=eslint+rule+react/forbid-foreign-prop-types&btnI"", ""react/forbid-foreign-prop-types"")","[""warn"",{""allowInPropTypes"":true}]","warn"
"React","=HYPERLINK(""https://www.google.com/search?q=eslint+rule+react/void-dom-elements-no-children&btnI"", ""react/void-dom-elements-no-children"")","error","error"
"React","=HYPERLINK(""https://www.google.com/search?q=eslint+rule+react/default-props-match-prop-types&btnI"", ""react/default-props-match-prop-types"")","[""error"",{""allowRequiredDefaults"":false}]","error"
"React","=HYPERLINK(""https://www.google.com/search?q=eslint+rule+react/no-redundant-should-component-update&btnI"", ""react/no-redundant-should-component-update"")","error","error"
"React","=HYPERLINK(""https://www.google.com/search?q=eslint+rule+react/no-unused-state&btnI"", ""react/no-unused-state"")","error","error"
"React","=HYPERLINK(""https://www.google.com/search?q=eslint+rule+react/boolean-prop-naming&btnI"", ""react/boolean-prop-naming"")","[""off"",{""propTypeNames"":[""bool"",""mutuallyExclusiveTrueProps""],""rule"":""^(is|has)[A-Z]([A-Za-z0-9]?)+"",""message"":""""}]","off"
"React","=HYPERLINK(""https://www.google.com/search?q=eslint+rule+react/no-typos&btnI"", ""react/no-typos"")","error","error"
"React","=HYPERLINK(""https://www.google.com/search?q=eslint+rule+react/jsx-curly-brace-presence&btnI"", ""react/jsx-curly-brace-presence"")","[""error"",{""props"":""never"",""children"":""never""}]","error"
"React","=HYPERLINK(""https://www.google.com/search?q=eslint+rule+react/jsx-one-expression-per-line&btnI"", ""react/jsx-one-expression-per-line"")","error","error"
"React","=HYPERLINK(""https://www.google.com/search?q=eslint+rule+react/destructuring-assignment&btnI"", ""react/destructuring-assignment"")","[""error"",""always""]","error"
"React","=HYPERLINK(""https://www.google.com/search?q=eslint+rule+react/no-access-state-in-setstate&btnI"", ""react/no-access-state-in-setstate"")","error","error"
"React","=HYPERLINK(""https://www.google.com/search?q=eslint+rule+react/button-has-type&btnI"", ""react/button-has-type"")","[""error"",{""button"":true,""submit"":true,""reset"":false}]","error"
"React","=HYPERLINK(""https://www.google.com/search?q=eslint+rule+react/jsx-child-element-spacing&btnI"", ""react/jsx-child-element-spacing"")","off","off"
"React","=HYPERLINK(""https://www.google.com/search?q=eslint+rule+react/no-this-in-sfc&btnI"", ""react/no-this-in-sfc"")","error","error"
"React","=HYPERLINK(""https://www.google.com/search?q=eslint+rule+react/jsx-max-depth&btnI"", ""react/jsx-max-depth"")","off","off"
"React","=HYPERLINK(""https://www.google.com/search?q=eslint+rule+react/jsx-props-no-multi-spaces&btnI"", ""react/jsx-props-no-multi-spaces"")","error","error"
"React A11y","=HYPERLINK(""https://www.google.com/search?q=eslint+rule+jsx-a11y/anchor-has-content&btnI"", ""jsx-a11y/anchor-has-content"")","[""error"",{""components"":[]}]","error"
"React A11y","=HYPERLINK(""https://www.google.com/search?q=eslint+rule+jsx-a11y/aria-role&btnI"", ""jsx-a11y/aria-role"")","[""error"",{""ignoreNonDom"":false}]","error"
"React A11y","=HYPERLINK(""https://www.google.com/search?q=eslint+rule+jsx-a11y/aria-props&btnI"", ""jsx-a11y/aria-props"")","error","error"
"React A11y","=HYPERLINK(""https://www.google.com/search?q=eslint+rule+jsx-a11y/aria-proptypes&btnI"", ""jsx-a11y/aria-proptypes"")","error","error"
"React A11y","=HYPERLINK(""https://www.google.com/search?q=eslint+rule+jsx-a11y/aria-unsupported-elements&btnI"", ""jsx-a11y/aria-unsupported-elements"")","error","error"
"React A11y","=HYPERLINK(""https://www.google.com/search?q=eslint+rule+jsx-a11y/alt-text&btnI"", ""jsx-a11y/alt-text"")","[""error"",{""elements"":[""img"",""object"",""area"",""input[type=\""image\""]""],""img"":[],""object"":[],""area"":[],""input[type=\""image\""]"":[]}]","error"
"React A11y","=HYPERLINK(""https://www.google.com/search?q=eslint+rule+jsx-a11y/img-redundant-alt&btnI"", ""jsx-a11y/img-redundant-alt"")","error","error"
"React A11y","=HYPERLINK(""https://www.google.com/search?q=eslint+rule+jsx-a11y/label-has-for&btnI"", ""jsx-a11y/label-has-for"")","[""error"",{""components"":[],""required"":{""every"":[""nesting"",""id""]},""allowChildren"":false}]","error"
"React A11y","=HYPERLINK(""https://www.google.com/search?q=eslint+rule+jsx-a11y/mouse-events-have-key-events&btnI"", ""jsx-a11y/mouse-events-have-key-events"")","error","error"
"React A11y","=HYPERLINK(""https://www.google.com/search?q=eslint+rule+jsx-a11y/no-access-key&btnI"", ""jsx-a11y/no-access-key"")","error","error"
"React A11y","=HYPERLINK(""https://www.google.com/search?q=eslint+rule+jsx-a11y/no-onchange&btnI"", ""jsx-a11y/no-onchange"")","off","off"
"React A11y","=HYPERLINK(""https://www.google.com/search?q=eslint+rule+jsx-a11y/interactive-supports-focus&btnI"", ""jsx-a11y/interactive-supports-focus"")","error","error"
"React A11y","=HYPERLINK(""https://www.google.com/search?q=eslint+rule+jsx-a11y/role-has-required-aria-props&btnI"", ""jsx-a11y/role-has-required-aria-props"")","error","error"
"React A11y","=HYPERLINK(""https://www.google.com/search?q=eslint+rule+jsx-a11y/role-supports-aria-props&btnI"", ""jsx-a11y/role-supports-aria-props"")","error","error"
"React A11y","=HYPERLINK(""https://www.google.com/search?q=eslint+rule+jsx-a11y/tabindex-no-positive&btnI"", ""jsx-a11y/tabindex-no-positive"")","error","error"
"React A11y","=HYPERLINK(""https://www.google.com/search?q=eslint+rule+jsx-a11y/heading-has-content&btnI"", ""jsx-a11y/heading-has-content"")","[""error"",{""components"":[""""]}]","error"
"React A11y","=HYPERLINK(""https://www.google.com/search?q=eslint+rule+jsx-a11y/html-has-lang&btnI"", ""jsx-a11y/html-has-lang"")","error","error"
"React A11y","=HYPERLINK(""https://www.google.com/search?q=eslint+rule+jsx-a11y/lang&btnI"", ""jsx-a11y/lang"")","error","error"
"React A11y","=HYPERLINK(""https://www.google.com/search?q=eslint+rule+jsx-a11y/no-distracting-elements&btnI"", ""jsx-a11y/no-distracting-elements"")","[""error"",{""elements"":[""marquee"",""blink""]}]","error"
"React A11y","=HYPERLINK(""https://www.google.com/search?q=eslint+rule+jsx-a11y/scope&btnI"", ""jsx-a11y/scope"")","error","error"
"React A11y","=HYPERLINK(""https://www.google.com/search?q=eslint+rule+jsx-a11y/click-events-have-key-events&btnI"", ""jsx-a11y/click-events-have-key-events"")","error","error"
"React A11y","=HYPERLINK(""https://www.google.com/search?q=eslint+rule+jsx-a11y/no-static-element-interactions&btnI"", ""jsx-a11y/no-static-element-interactions"")","[""error"",{""handlers"":[""onClick"",""onMouseDown"",""onMouseUp"",""onKeyPress"",""onKeyDown"",""onKeyUp""]}]","error"
"React A11y","=HYPERLINK(""https://www.google.com/search?q=eslint+rule+jsx-a11y/no-noninteractive-element-interactions&btnI"", ""jsx-a11y/no-noninteractive-element-interactions"")","[""error"",{""handlers"":[""onClick"",""onMouseDown"",""onMouseUp"",""onKeyPress"",""onKeyDown"",""onKeyUp""]}]","error"
"React A11y","=HYPERLINK(""https://www.google.com/search?q=eslint+rule+jsx-a11y/accessible-emoji&btnI"", ""jsx-a11y/accessible-emoji"")","error","error"
"React A11y","=HYPERLINK(""https://www.google.com/search?q=eslint+rule+jsx-a11y/aria-activedescendant-has-tabindex&btnI"", ""jsx-a11y/aria-activedescendant-has-tabindex"")","error","error"
"React A11y","=HYPERLINK(""https://www.google.com/search?q=eslint+rule+jsx-a11y/iframe-has-title&btnI"", ""jsx-a11y/iframe-has-title"")","error","error"
"React A11y","=HYPERLINK(""https://www.google.com/search?q=eslint+rule+jsx-a11y/no-autofocus&btnI"", ""jsx-a11y/no-autofocus"")","[""error"",{""ignoreNonDOM"":true}]","error"
"React A11y","=HYPERLINK(""https://www.google.com/search?q=eslint+rule+jsx-a11y/no-redundant-roles&btnI"", ""jsx-a11y/no-redundant-roles"")","error","error"
"React A11y","=HYPERLINK(""https://www.google.com/search?q=eslint+rule+jsx-a11y/media-has-caption&btnI"", ""jsx-a11y/media-has-caption"")","[""error"",{""audio"":[],""video"":[],""track"":[]}]","error"
"React A11y","=HYPERLINK(""https://www.google.com/search?q=eslint+rule+jsx-a11y/no-interactive-element-to-noninteractive-role&btnI"", ""jsx-a11y/no-interactive-element-to-noninteractive-role"")","[""error"",{""tr"":[""none"",""presentation""]}]","error"
"React A11y","=HYPERLINK(""https://www.google.com/search?q=eslint+rule+jsx-a11y/no-noninteractive-element-to-interactive-role&btnI"", ""jsx-a11y/no-noninteractive-element-to-interactive-role"")","[""error"",{""ul"":[""listbox"",""menu"",""menubar"",""radiogroup"",""tablist"",""tree"",""treegrid""],""ol"":[""listbox"",""menu"",""menubar"",""radiogroup"",""tablist"",""tree"",""treegrid""],""li"":[""menuitem"",""option"",""row"",""tab"",""treeitem""],""table"":[""grid""],""td"":[""gridcell""]}]","error"
"React A11y","=HYPERLINK(""https://www.google.com/search?q=eslint+rule+jsx-a11y/no-noninteractive-tabindex&btnI"", ""jsx-a11y/no-noninteractive-tabindex"")","[""error"",{""tags"":[],""roles"":[""tabpanel""]}]","error"
"React A11y","=HYPERLINK(""https://www.google.com/search?q=eslint+rule+jsx-a11y/anchor-is-valid&btnI"", ""jsx-a11y/anchor-is-valid"")","[""error"",{""components"":[""Link""],""specialLink"":[""to""],""aspects"":[""noHref"",""invalidHref"",""preferButton""]}]","error"
